{
    "default_frequency_Hz": 10000,
    "reference_amplitudes_uV": [
        100000,
        150000,
        200000,
        250000,
        300000,
        350000,
        400000,
        450000,
        500000
    ],
    "irec_values_A": [
        1.000305249260444e-09,
        1.0003075179770597e-09,
        1.0003037818352289e-09,
        1.0002663383569593e-09,
        1.0003202758877296e-09,
        1.0003935168179585e-09,
        1.000353548789072e-09,
        1.0004209103643268e-09,
        1.000387256125511e-09
    ]
}