{
    "default_frequency_Hz": 10000,
    "reference_amplitudes_uV": [
        100000,
        150000,
        200000,
        250000,
        300000,
        350000,
        400000,
        450000,
        500000
    ],
    "irec_values_A": [
        9.999962894783703e-10,
        9.99973890358774e-10,
        1.000046656596254e-09,
        9.999907985003276e-10,
        9.999926164905304e-10,
        9.999906502855537e-10,
        9.99983136296123e-10,
        1.0000058425774228e-09,
        9.999900861072202e-10
    ]
}