{
    "default_frequency_Hz": 10000,
    "reference_amplitudes_uV": [
        100000,
        200000,
        500000
    ],
    "irec_values_A": [
        9.998970864251906e-10,
        9.999270485690677e-10,
        1.0000136320872006e-09
    ]
}