{
    "default_frequency_Hz": 10000,
    "reference_amplitudes_uV": [
        100000,
        200000,
        500000
    ],
    "irec_values_A": [
        1.000079381626669e-09,
        1.0001386200701272e-09,
        1.000129581004335e-09
    ]
}