{
    "default_frequency_Hz": 10000,
    "reference_amplitudes_uV": [
        100000,
        200000,
        500000
    ],
    "irec_values_A": [
        1.00005864700492e-09,
        1.0000903299944852e-09,
        1.0000475679043201e-09
    ]
}