{
    "default_frequency_Hz": 10000,
    "reference_amplitudes_uV": [
        100000,
        150000,
        200000,
        250000,
        300000,
        350000,
        400000,
        450000,
        500000
    ],
    "irec_values_A": [
        1.000095156447732e-09,
        1.0001091667784696e-09,
        1.0001394929628675e-09,
        1.0001145756965495e-09,
        1.0001798602295626e-09,
        1.0000195309515284e-09,
        1.00012471251547e-09,
        1.0001410714103852e-09,
        1.0000997276703595e-09
    ]
}